Name,Price,No IVA,PVP,Discount,Rating
MSI H310M PRO-VD Plus,51.99,42.97,51.99,0,93.3
Gigabyte Z390 Gaming X,144.9,119.75,144.9,0,91.8
Gigabyte B450 Aorus Elite,103.9,85.87,103.9,0,91.9
Asus ROG STRIX B450-F GAMING,132.9,109.83,132.9,0,90.7
MSI B450M Mortar Max,94.99,78.5,94.99,0,94.8
Gigabyte GA-A320M-S2H,50.99,42.14,50.99,0,83.5
Asus Prime X570-P,188.91,156.12,188.91,0,92.2
MSI B450 Gaming Pro Carbon AC,193.26,159.72,193.26,0,93.2
MSI B450M PRO-M2 MAX,65.99,54.54,65.99,0,90.4
Asus H110M-A/DP,59.99,49.58,59.99,0,100.0
Gigabyte H310M S2H 2.0,58.99,48.75,58.99,0,89.5
Asus TUF B450M-PLUS GAMING,94.99,78.5,103.9,9,91.1
Gigabyte Z390 Aorus Pro,191.91,158.6,191.91,0,95.5
Asus Prime Z390-A,169.9,140.41,185.89,9,92.3
Asus Prime H310M-E R2.0,63.9,52.81,63.9,0,86.4
MSI Mpg Z390 Gaming Pro Carbon,204.9,169.34,204.9,0,93.3
Asus TUF Gaming X570-Plus,199.9,165.21,219.91,10,89.7
MSI Mpg Z390 Gaming Edge AC,174.9,144.55,174.9,0,95.0
MSI MPG X570 Gaming Pro Carbon WIFI,269.9,223.06,269.9,0,94.4
Gigabyte B365M-D3H,83.99,69.41,83.99,0,89.0
Asus Rog Strix Z390-E Gaming,244.9,202.4,244.9,0,94.3
Asrock B450M Steel Legend,94.99,78.5,94.99,0,93.3
MSI A320M-A PRO M2,48.99,40.49,48.99,0,92.6
Asus ROG STRIX B365-G GAMING,114.9,94.96,114.9,0,96.0
Intel Core i3-8100 3.6GHz BOX,110.9,91.65,110.9,0,93.9
Intel Pentium Gold G5420 3.8 GHz,56.99,47.1,71.98,21,40.0
AMD Athlon 3000G 3.5GHz,52.99,43.79,52.99,0,93.8
AMD Ryzen 9 3950X 4.70 GHz,809.9,669.34,809.9,0,100.0
AMD Ryzen 3 1200 AF Stepping 3.1Ghz,54.99,45.45,54.99,0,0.0
AMD Athlon 200GE 3.2GHz Socket AM4,44.99,37.18,44.99,0,92.1
AMD Ryzen 5 1400 3.2GHZ BOX,92.99,76.85,92.99,0,95.2
Intel Core i3-9100 3.6 GHz,128.24,105.98,128.24,0,83.3
Procesador Intel Pentium Gold G5400 3.7GHz Box,49.99,41.31,56.99,13,93.9
Procesador Intel Celeron G4920 3.2Ghz BOX,35.99,29.74,41.99,15,91.1
AMD Ryzen Threadripper 1920X 3.5GHz,224.9,185.87,224.9,0,98.1
Intel Core i9-10900X 3.70 GHz,669.9,553.64,669.9,0,75.0
Intel Core i9-9900KF 3.6 GHz ,489.9,404.88,489.9,0,97.9
AMD A Series A8-7680 3.5 GHz,51.99,42.97,51.99,0,92.9
Intel Core i7-8700K 3.7Ghz BOX,733.46,606.17,733.46,0,96.2
Intel Core i7-8700 3.2Ghz BOX,369.9,305.7,369.9,0,94.7
Intel Core I7-7700 3.6GHz BOX,339.9,280.91,339.9,0,95.0
AMD A6-9500 3.50 GHz Socket AM4,41.99,34.7,41.99,0,78.8
Intel Celeron G4930 3.2 GHz,39,32.23,39,0,100.0
Intel Core i9-9900 3.1 GHz,469.9,388.35,469.9,0,60.0
AMD Athlon X4 950 3.5Ghz,49.99,41.31,49.99,0,88.3
AMD Ryzen 3 1200 3.4Ghz,153.41,126.79,153.41,0,90.9
AMD RYZEN 7 1800X 4.0GHz,503.04,415.74,503.04,0,96.6
AMD A Series A6-7480 3.5 GHz,34.99,28.92,34.99,0,89.1
Samsung 860 EVO Basic SSD 250GB SATA3,64.99,53.71,64.99,0,94.6
Samsung 860 QVO SSD 1TB SATA 3 V-NAND MLC,128.59,106.28,128.59,0,95.7
"WD Blue 1TB 3.5"" SATA3",45.59,37.68,45.59,0,92.6
"Seagate Expansion 2TB 2.5"" USB 3.0 Negro",70,57.85,87.5,20,90.9
SanDisk SSD Plus 240GB SATA III,43.37,35.84,43.37,0,93.3
WD Blue 3D Nand SSD M.2 1TB SATA3,119.98,99.16,119.98,0,93.5
Seagate IronWolf NAS 4TB SATA3,122.9,101.57,122.9,0,92.3
WD Blue SN550 SSD 500GB NVMe M.2 PCIe Gen 3,89,73.55,89,0,94.7
"Seagate Expansion 5TB 2.5"" USB 3.0 Negro",120,99.17,149,20,87.5
"Seagate BarraCuda 2.5"" 1TB SATA3",53.59,44.29,53.59,0,93.1
"Maxtor M3 Portable 1TB USB 3.0 2.5""",44.6,36.86,44.6,0,92.3
WD NAS Red 4TB SATA3,128.34,106.07,128.34,0,92.2
Sandisk Ultra 3D SSD 500GB SATA3,79.99,66.11,79.99,0,96.8
PNY XLR8 CS3030 1TB M.2 3D TLC NVMe PCI-Express,157.9,130.5,157.9,0,100.0
"Maxtor M3 Portable 2TB USB 3.0 2.5""",64,52.9,64,0,93.3
"WD Elements 2TB 2.5"" USB 3.0 Negro",74,61.16,74,0,93.0
Kingston A2000 M.2 250GB PCI Express 3.0 NVMe,60.34,49.87,60.34,0,93.5
Maxtor Z1 SSD 960GB SATA3,120.33,99.45,120.33,0,97.3
"WD Blue 3TB 3.5"" SATA 3",85.99,71.07,85.99,0,92.3
SSD Crucial MX500 M.2 2280 500GB,78.99,65.28,78.99,0,93.6
Crucial MX500 SSD 1000GB SATA,132.99,109.91,132.99,0,95.1
"WD Blue 2TB 3.5"" SATA 3",67.99,56.19,67.99,0,91.6
WD Green 3D SSD M.2 120GB SATA3,31.76,26.25,31.76,0,92.4
Kingston A2000 M.2 500GB PCI Express 3.0 NVMe,95.99,79.33,95.99,0,94.5
Sapphire Nitro+ Radeon RX 5500 XT 8GB GDDR6,249.9,206.53,249.9,0,94.3
AsRock Phantom Gaming X Radeon RX580 OC 8GB GDDR5,175.9,145.37,219.89,21,93.3
Zotac Gaming GeForce RTX 2060 6GB GDDR6,349.9,289.17,379.89,8,94.8
Asus GeForce GTX 1660 SUPER OC Dual 6GB GDDR6,274.9,227.19,274.9,0,96.1
MSI GeForce GTX 1050Ti 4GT OC 4GB GDDR5,145.9,120.58,145.9,0,93.2
Asus GeForce GTX 1650 Dual 4GB OC GDDR5,154.9,128.02,179.89,14,91.8
Zotac Gaming GeForce GTX 1650 AMP 4GB GDDR5,149.89,123.88,179.89,17,93.3
Asrock Phantom Gaming D Radeon RX570 8G OC GDDR5,195,161.16,195,0,90.4
MSI GeForce RTX 2070 VENTUS GP 8GB GDDR6,529.9,437.93,529.9,0,94.3
Asus Dual GeForce RTX 2080 SUPER EVO V2 OC Edition 8GB GDDR6,759.9,628.02,849.9,11,88.0
MSI GeForce GTX 1660 Ventus XS OC 6GB GDDR5,234.9,194.13,234.9,0,97.1
MSI GeForce GTX 1660 SUPER Ventus XS OC 6GB GDDR6,257.9,213.14,257.9,0,94.7
MSI GeForce GT710 2GB DDR3 Low Profile,52.99,43.79,52.99,0,87.5
Gigabyte GeForce RTX 2060 Super Gaming OC 3X 8GB GDDR6,454.9,375.95,454.9,0,88.4
MSI GeForce RTX 2060 Super Gaming X 8GB GDDR6,484.9,400.74,484.9,0,97.3
Gigabyte GeForce GTX 1650 SUPER Windforce OC 4GB GDDR6,187.9,155.29,187.9,0,89.1
MSI GeForce RTX 2060 SUPER Ventus GP OC 8GB GDDR6,444.9,367.69,444.9,0,100.0
MSI GeForce GT710 1GB DDR3 Low Profile,50.42,41.67,50.42,0,89.6
Asus GeForce GTX 1650 SUPER TUF Gaming OC 4GB GDDR6,226.04,186.81,300,25,94.8
Zotac Gaming GeForce RTX 2070 Mini 8GB GDDR6,519.89,429.66,519.89,0,96.5
Gigabyte GeForce GT 1030 2GB GDDR5 LP,79.99,66.11,79.99,0,91.5
PNY GeForce GTX 1660 Ti XLR8 Gaming OC Dual Fan 6GB GDDR6,289.9,239.59,289.9,0,92.9
Gigabyte GeForce GTX 1050Ti OC 4GB GDDR5,154.9,128.02,154.9,0,92.8
Gigabyte GeForce RTX 2070 SUPER GAMING OC 3X WHITE 8GB GDDR6,579.9,479.26,579.9,0,100.0
Kingston HyperX Fury Black 16GB DDR4 2666Mhz PC-21300 CL15,77,63.64,77,0,94.1
Thermaltake Toughram Z-One RGB DDR4 3200 2x8GB 16GB CL16,95,78.51,95,0,91.3
Kingston HyperX Fury Black 16GB DDR4 3200Mhz PC-25600 CL16,88,72.73,88,0,97.0
Kingston ValueRAM DDR3 1600 PC3-12800 4GB CL11,21.95,18.14,21.95,0,91.1
G.Skill Trident Z Neo DDR4 3600 PC4-28800 32GB 2x16GB CL16,226,186.78,226,0,97.5
Kingston HyperX Fury Black 8GB DDR4 3200Mhz PC-25600 (2x4GB) CL16,54,44.63,54,0,97.1
Corsair Vengeance LPX DDR4 3200 PC4-25600 16GB 2x8GB CL16,94,77.69,94,0,93.7
G.Skill Ripjaws V Red DDR4 2400 PC4-19200 8GB 2x4GB CL15,51.2,42.31,51.2,0,94.6
G.Skill Trident Z Neo DDR4 3600 PC4-28800 16GB 2x8 GB CL16,139,114.88,139,0,94.8
Corsair Vengeance LPX DDR4 2666 16GB 2x8GB CL16,82.99,68.59,82.99,0,96.3
Kingston ValueRAM SO-DIMM DDR3 1600 PC3-12800 8GB CL11,37.95,31.36,37.95,0,92.4
Kingston ValueRAM SO-DIMM DDR3L 1600 PC3-12800 8GB CL11,42.99,35.53,42.99,0,94.3
Kingston ValueRAM SO-DIMM DDR3L 1600 PC3-12800 4GB CL11,26,21.49,26,0,93.8
Kingston HyperX Fury Blue DDR3 1600 PC3-12800 4GB CL10,27,22.31,27,0,94.3
Kingston ValueRAM DDR4 2400 PC4-19200 4GB CL17,23,19.01,23,0,93.6
G.Skill Ripjaws SO-DIMM DDR3L 1600 PC3-12800 8GB CL9,34,28.1,34,0,95.5
G.Skill Ripjaws SO-DIMM DDR4 2400 PC4-19200 8GB CL16,37.99,31.4,37.99,0,95.7
Kingston ValueRAM DDR3 1600 PC3 12800 8GB CL11,39.95,33.02,39.95,0,93.3
Corsair Vengeance RGB Pro Optimizado AMD DDR4 3200 16GB 2x8GB CL16,139,114.88,139,0,0.0
Kingston HyperX Fury Black 4GB DDR4 2666Mhz PC-21300 CL15,25,20.66,25,0,94.3
G.Skill Trident Z DDR4 3600 PC4-28800 16GB 2x8GB CL16,161.95,133.84,161.95,0,95.0
G.Skill Aegis DDR4 2133 PC4-17000 4GB CL15,21,17.36,21,0,91.5
Kingston HyperX Impact SO-DIMM DDR3L 1600 PC3-12800 8GB CL9,46.98,38.83,46.98,0,96.2
Memoria RAM Crucial DDR4 2400 PC4-19200 4GB CL17,20.56,16.99,20.56,0,92.7
Sandisk MobileMate Duo Lector de Tarjeta USB 2.0 + Adaptador SD,11.53,9.53,11.53,0,0.0
Startech Lector Multi Tarjetas de Memoria USB 3.0 Negro,28,23.14,28,0,0.0
Kingston FCR-MRG2 Lector USB de Tarjetas MicroSD/MicroSDHC/MicroSDXC,4.95,4.09,4.95,0,89.4
Startech Lector de Tarjetas de Memoria USB 3.0/USB-C,17.75,14.67,17.75,0,0.0
Conceptronic Multilector de Tarjetas USB Blanco,17.75,14.67,17.75,0,0.0
Startech 35BAYCF2IDE Lector de Tarjetas Compact Flash a IDE para Bahía de 3.5 Pulgadas,28.05,23.18,28.05,0,100.0
SanDisk MobileMate Lector de Tarjetas USB 3.0 Negro,11.04,9.12,11.04,0,0.0
CoolBox CR650-BT Lector de Tarjetas Interno USB 2.0,17.38,14.36,17.38,0,0.0
CoolBox COO-CR606 Lector de Tarjetas Interno USB 2.0,8.49,7.02,8.49,0,0.0
SanDisk ImageMate Pro Multilector USB 3.0,21.18,17.5,21.18,0,0.0
Cherry ST-1144 SmartTerminal Lector de Tarjetas Chip USB,30,24.79,30,0,100.0
Woxter Lector DNI-e USB Rojo,12.99,10.74,12.99,0,0.0
Woxter Lector DNI-e USB Negro,11.99,9.91,11.99,0,98.0
CoolBox CRE-050 Lector de Tarjetas USB 2.0 Negro,8.17,6.75,8.17,0,0.0
SanDisk Extreme Pro CFast 2.0 Lector de Tarjetas USB 3.0 Negro,49.17,40.64,49.17,0,0.0
SanDisk Extreme Pro SD UHS-II Lector de Tarjetas USB 3.0,20.27,16.75,20.27,0,0.0
Unotec Mini Lector USB de Tarjetas MicroSD,2.25,1.86,2.25,0,77.2
Tacens Anima ACRM3 Lector de Tarjetas 85 en 1,12.25,10.12,12.25,0,90.0
Tacens Anima ACR2 Lector de Tarjetas + USB 3.0,7.75,6.4,7.75,0,81.1
Lexar LRW025URBEU Lector de Tarjetas USB 3.0,29,23.97,29,0,0.0
HyperDrive Pro Lector de Tarjetas USB-C Negro,45,37.19,45,0,0.0
Lexar Professional Lector de Tarjetas Dual USB 3.0,49,40.5,49,0,0.0
SanDisk SD UHS-I Lector de Tarjetas USB 3.0,18.44,15.24,18.44,0,0.0
Satechi Lector de Tarjetas SD/MicroSD con USB 3.0/ USB Tipo C Plateado,28,23.14,28,0,100.0
Asus Xonar DG 5.1 Reacondicionado,14.7,12.15,14.7,0,89.6
Asus Strix Raid Pro Interno 7.1 Canales PCI-E,139,114.88,139,0,0.0
Sound Blaster X3 Tarjeta de Sonido Reacondicionado,88.6,73.22,88.6,0,0.0
Asus Strix Raid DLX,246.23,203.5,246.23,0,0.0
Unotec Tarjeta de sonido 7.1 USB,7.25,5.99,7.25,0,79.4
Asus Xonar U7 7.1 USB,89.99,74.37,89.99,0,85.4
Nox Coolbay MX2 USB 3.0 Negro,24.74,20.45,24.74,0,86.3
Aerocool RIFT RGB USB 3.0 con Ventana,39.99,33.05,39.99,0,89.4
Nox Hummer TGM ARGB Cristal Templado USB 3.0,64.99,53.71,64.99,0,70.9
Tempest One USB 3.0 con Ventana Blanca,29.98,24.78,29.98,0,89.7
Tacens Anima AC4500 USB 3.0 + Fuente de Alimentación 500W,26.99,22.31,26.99,0,86.3
Corsair Carbide SPEC-06 Cristal Templado RGB White,92.99,76.85,92.99,0,95.2
Nfortec Antares USB 3.0 Cristal Templado RGB Blanca,89.95,74.34,89.95,0,89.7
Corsair Carbide SPEC-06 Cristal Templado RGB Negra,79.99,66.11,92.99,14,91.1
Nox Infinity Atom USB 3.0 Cristal Templado,41.94,34.66,41.94,0,85.8
Corsair iCUE 220T RGB Cristal Templado USB 3.1 Negra,114.9,94.96,114.9,0,80.0
Owlotech Start Case USB 3.0 500W,39.99,33.05,39.99,0,82.9
NZXT H510 Cristal Templado USB 3.1 Negro/Rojo Mate,79.99,66.11,79.99,0,91.3
Nox LITE010 USB 3.0 + Fuente de Alimentación 500W,31.99,26.44,31.99,0,76.2
Nfortec Lynx Cristal Templado USB 3.0 RGB Negra,39.95,33.02,39.95,0,88.6
Corsair Crystal 570X RGB Cristal Templado USB 3.0 Roja,149,123.14,186.98,21,93.9
Corsair Carbide 275Q USB 3.0 Negra,101.02,83.49,101.02,0,90.8
Nox Infinity Omega ARGB USB 3.0 con Ventana,41.06,33.93,41.06,0,79.1
Corsair 275R Cristal Templado USB 3.0 Blanca,77.99,64.45,77.99,0,96.7
NOX Modus Blue Edition USB 3.0,26.4,21.82,26.4,0,86.7
Lian Li PC-O11 Dynamic Razer Edition Cristal Templado USB 3.1 RGB Negra,157.99,130.57,157.99,0,91.4
Nox Hummer Zero Cristal Templado USB 3.0 Blanca,49.99,41.31,49.99,0,98.5
Tempest One USB 3.0 con Ventana Negra,29.98,24.78,29.98,0,89.3
Thermaltake H200 TG RGB Snow Cristal Templado USB 3.1 Blanco,69.99,57.84,69.99,0,98.0
Thermaltake View 31 TG Cristal Templado USB 3.0,126.65,104.67,126.65,0,95.5
Cooler Master Hyper 212 Black Edition ,34.99,28.92,34.99,0,92.9
Corsair H115i RGB PLATINUM Kit de Refrigeración Líquida,149.99,123.96,149.99,0,91.6
Tacens Anima AF8 80mm,2.09,1.73,2.09,0,87.4
Corsair Cooling Hydro Series H45,51.99,42.97,51.99,0,88.5
Corsair Hydro Series H100i RGB PLATINUM SE Kit de Refrigeración Líquida Blanco,154.99,128.09,154.99,0,98.3
Noctua NH-U12S,74.92,61.92,74.92,0,95.0
Aerocool BARAF-S 3.5G Pasta Térmica,3.99,3.3,3.99,0,93.7
Noctua NH-U12S chromax.black,69.99,57.84,69.99,0,100.0
MSI Core Frozr S Ventilador CPU ,49.99,41.31,49.99,0,91.1
Nox Hummer Thermal T1 Pasta Térmica de Alta Eficiencia 4g,6.99,5.78,6.99,0,93.3
Nfortec Hydrus V2 120 Red Kit de Refrigeración Líquida ,49.95,41.28,49.95,0,90.6
Noctua NH-U9S,54.99,45.45,54.99,0,95.9
Noctua NH-D15,89.99,74.37,89.99,0,96.9
Cooler Master MasterLiquid ML240R RGB,109,90.08,109,0,89.4
Cooler Master Hyper H412R,21.9,18.1,21.9,0,93.2
Cooler Master MasterLiquid ML120L RGB,65.04,53.75,65.04,0,88.6
AeroCool Core Plus ARGB CPU Air Cooler Ventilador RGB 120mm,12.99,10.74,12.99,0,91.6
Noctua NH-D15 chromax.black,99.99,82.64,99.99,0,96.0
Corsair Hydro Series H100i PRO Kit de Refrigeración Líquida RGB,151.79,125.45,151.79,0,92.6
Cooler Master Hyper 212 LED Rojo,31.99,26.44,31.99,0,91.6
Nfortec Oberon Combo Pack 3 Ventiladores RGB 120mm,39.95,33.02,39.95,0,91.5
Nox Hummer S-FAN Ventilador 120mm ARGB Dual,9.99,8.26,9.99,0,91.7
Nfortec Hydrus V2 120 Blue Kit de Refrigeración Líquida ,49.95,41.28,49.95,0,95.6
Corsair Hydro Series H150i Pro,173.99,143.79,173.99,0,94.7
EVGA N1 650W,54.98,45.44,54.98,0,93.6
Tacens Anima APSI500 ATX 500W,9.99,8.26,9.99,0,84.3
EVGA N1 750W,54.99,45.45,62.98,13,93.3
Corsair CX550 550W 80 Plus Bronze,83.96,69.39,83.96,0,92.8
Thermaltake Smart RGB 600W 80 Plus,51.99,42.97,51.99,0,90.0
EVGA W1 500W 80 Plus,44.99,37.18,44.99,0,93.3
EVGA B3 850W 80 Plus Bronze Modular,95.99,79.33,104.98,9,87.5
L-Link Fuente de Alimentación 650W PFC,28.99,23.96,28.99,0,78.6
Tacens APII500 Fuente Alimentación 500W,14.2,11.74,14.2,0,87.6
Tacens Anima APB550 ATX 550W 80 Plus Bronze,35.86,29.64,35.86,0,88.1
Nfortec Scutum PSU Fuente de Alimentacion 750W 80 Plus Bronze Modular,69.95,57.81,69.95,0,92.1
Thermaltake Toughpower Grand RGB 750W 80 Plus Gold Modular,119,98.35,119,0,94.0
Nfortec Scutum PSU Fuente de Alimentacion 650W 80 Plus Bronze,49.95,41.28,49.95,0,91.0
Aerocool VX PLUS 550W,33.15,27.4,33.15,0,86.9
Corsair CX750 750W 80 Plus Bronze,94.99,78.5,94.99,0,92.6
L-Link Fuente de Alimentación ATX 500W,11,9.09,11,0,82.9
L-Link Fuente de Alimentación ATX 500W con Cable Incluido,11.99,9.91,11.99,0,83.5
Corsair CV450 CV Series 450W 80 Plus Bronze,43,35.54,43,0,0.0
Corsair TX550M 550W 80 Plus Gold Semi Modular,74.99,61.98,74.99,0,95.3
Corsair RMx White Series RM750x 750W 80 Plus Gold Full Modular,137.99,114.04,137.99,0,88.7
Nox Urano SX 500W,27,22.31,27,0,88.7
Thermaltake Smart BX1 750W 80 Plus Bronze,74.99,61.98,74.99,0,95.0
EVGA Supernova G3 850W 80 Plus Gold Modular,149.99,123.96,149.99,0,96.6
Thermaltake Toughpower Grand RGB 650W 80 Plus Gold Modular,109.99,90.9,109.99,0,93.1
Cooler Master Small Controller RGB LED,9.99,8.26,9.99,0,66.7
Bluelounge CableDrop Mini Pack 9 Organizadores de Cables Negros,11.95,9.88,11.95,0,0.0
BitFenix Alchemy 2.0 Tira LED RGB Magnética 60cm,24.99,20.65,24.99,0,0.0
Quick Media Organizador de Cables Dúo,6.99,5.78,6.99,0,0.0
Phanteks Led Strips LED RGB Starter Combo Set,24.05,19.88,24.05,0,91.1
Equip Spine Cable Organizador de Cables Blanco,35,28.93,35,0,0.0
BHCustoms Cable Comb Abierto 24 Slots 4mm Transparente,1.5,1.24,1.5,0,90.0
Silverstone SF02 Espuma Reducción de Ruido,19.99,16.52,19.99,0,0.0
BitFenix Alchemy 2.0 Tira LED RGB Magnética 60cm con Controlador,29.34,24.25,29.34,0,100.0
Sharkoon VR USB 3.0 Panel Frontal Universal,19.99,16.52,19.99,0,100.0
Bluelounge CableBox Caja Recogecables Ignífuga Negra,29.99,24.79,29.99,0,0.0
SilverStone Frontal Multifuncion FP32B,12.99,10.74,12.99,0,90.0
Phanteks Led Strips LED RGB Extensor 40cm,13.68,11.31,13.68,0,82.1
Silverstone LS02 Cinta LED RGB,17.25,14.26,17.25,0,100.0
Tapa Anti Polvo para puerto USB x4,1.75,1.45,1.75,0,91.0
BHCustoms Cable Comb Abierto 8 Slots 4mm Negro ,1,0.83,1,0,100.0
BHCustoms Cable Comb Abierto 24 Slots 4mm Negro,1.5,1.24,1.5,0,100.0
Nexus Kit Antivibración MTK-6000,12.95,10.7,12.95,0,100.0
Silverstone CA02 Caja de Tornillos para Modding,12.99,10.74,12.99,0,85.7
BHCustoms Cable Comb Abierto 8 Slots 4mm Transparente ,1,0.83,1,0,73.3
BitFenix Alchemy 3.0 Tira LED RGB Magnética 60cm con Controlador,35.99,29.74,35.99,0,100.0
Bluelounge Cable Ties Organizador de Cables L/XL Pack 4 Unidades,11.95,9.88,11.95,0,0.0
Bluelounge Cable Ties Organizador de Cables S/M Pack 6 Unidades,11.95,9.88,11.95,0,0.0
Bluelounge CableBox Mini Caja Recogecables Ignífuga Azul,26.94,22.26,26.94,0,0.0
AVerMedia ExtremeCap SDI Capturadora de Video 1080p 60fps,219,180.99,219,0,0.0
AVerMedia ExtremeCap UVC Capturadora de Video 1080p 60fps,229,189.26,229,0,0.0
AVerMedia Live Streamer 311 Kit Youtuber,229,189.26,229,0,0.0
AVerMedia Live Streamer 311S Kit Youtuber,189,156.2,189,0,0.0
Blackmagic Web Presenter,459,379.34,459,0,0.0
Elgato 4K60 S+ Capturadora de Vídeo 4K60 HDR10 con Grabación Independiente en Tarjeta SD,399.99,330.57,399.99,0,0.0
LevelOne NVR-1204 Capturadora de Vídeo en Red HDMI,714,590.08,714,0,0.0
LevelOne NVR-1204 Capturadora de Vídeo HDMI,649,536.36,649,0,0.0
Startech Tarjeta PCI Express Capturadora de Vídeo HDMI/VGA/DVI,260,214.88,260,0,0.0
Cooler Master Splitter RGB,9.32,7.7,9.32,0,51.4
Startech Cable Adaptador Molex 4 Pines a SATA Hembra/Macho 30cm ,4.25,3.51,4.25,0,100.0
Startech Cable Divisor Molex 4 Pines a 2x SATA Macho/Hembra 30cm,4.76,3.93,4.76,0,100.0
Silverstone CP11B-500 Cable SATA III 50cm,9.99,8.26,9.99,0,90.0
Bracket Conexión USB (2x10Pin a 4xAH) a Placa Base,5.15,4.26,5.15,0,96.0
Thermaltake Riser PCI-e x16 3.0 Riser Cable de Extensión PCI Express,53.59,44.29,53.59,0,88.0
"Startech Cable Adaptador Bifurcador Divisor Splitter de Alimentación SATA de 0,15m 2x Hembra",6.95,5.74,6.95,0,97.8
Cable Adaptador Molex 4 Pines Macho A 2 x SATA 15 Pines,1.35,1.12,1.35,0,91.4
Lian Li Strimer Plus RGB 24-Pin,49.99,41.31,49.99,0,0.0
Lian Li Strimer Plus RGB 8-Pin,39.99,33.05,39.99,0,0.0
SilverStone CP13 Cable Extensión SATA 15+7 Pines Negro,9.99,8.26,9.99,0,100.0
Phanteks RGB4P Cable Adaptador RGB LED,9.01,7.45,9.01,0,92.1
BitFenix Alchemy Kit de Cables Alimentación CPU+VGA Rojos,34.99,28.92,34.99,0,100.0
BitFenix Alchemy Kit de Cables Alimentación CPU+VGA Negros,41.28,34.12,41.28,0,90.0
Phanteks CB6V Cable Extensión Tarjeta Gráfica 6 Pines Rojo,14.26,11.79,14.26,0,86.4
BitFenix Alchemy Kit de Cables Alimentación CPU+VGA Blancos,34.99,28.92,34.99,0,80.0
BitFenix Alchemy Kit de Cables Alimentación CPU+VGA Negro/Blanco,34.99,28.92,34.99,0,96.7
Cable Alimentación MOLEX de 5.25 a 3.5+5.25,1.88,1.55,1.88,0,85.3
Digitus Cable Duplicador de Alimentación SATA 30cm ,2.75,2.27,2.75,0,94.3
BHCustoms Cable Extensor 24 ATX 30cm Azul,24.99,20.65,24.99,0,0.0
BHCustoms Cable Extensor 24 ATX 30cm Blanco,24.99,20.65,24.99,0,0.0
BHCustoms Cable Extensor 24 ATX 30cm Negro,24.99,20.65,24.99,0,0.0
BHCustoms Cable Extensor 24 ATX 30cm Rojo,24.99,20.65,24.99,0,0.0
BHCustoms Cable Extensor Blanco 8 PCIe 45cm,11.99,9.91,11.99,0,100.0
Asus USB-N14 N300 + Antenas Alta Ganancia 5dBi,20.99,17.35,20.99,0,88.1
TP-Link UH700 Hub 7 Puertos USB 3.0,30,24.79,30,0,93.1
Unotec HUB USB con 7 Puertos Torre Alimentado,10.75,8.88,10.75,0,83.0
Unotec Adaptador HDMI a VGA con Audio Mini Size,11.25,9.3,11.25,0,80.5
TP-LINK TL-WN725N 150Mbps wireless N Nano USB,7.99,6.6,7.99,0,90.0
Google Pack Chromecast 3,78.99,65.28,78.99,0,93.8
Conceptronic Mini Travel Hub 4 Puertos USB 2.0,3.85,3.18,3.85,0,84.7
Startech Hub USB 3.0 x4 Puertos,22.99,19.0,25,9,93.8
Adaptador USB-C a USB 3.0 + HDMI + USB-C,28.99,23.96,28.99,0,76.2
TP-LINK TL-WN8200N Adaptador USB WiFi 300Mbps,19.75,16.32,19.75,0,86.7
1Life usb:hub 4 HUB 4 Puertos USB 3.0,10.21,8.44,10.21,0,0.0
Owlotech Adaptador DVI a VGA (DVI-I-Macho/HD15-Hembra),1.75,1.45,1.75,0,77.9
Nanocable Conversor USB-C a Ethernet Gigabit + 3xUSB 3.0 15cm,19.25,15.91,19.25,0,100.0
TP-LINK HA100 Receptor de Música Bluetooth,19.99,16.52,19.99,0,92.2
Equip Switch 2x HDMI 4k Conmutador/Divisor Bidireccional,21,17.36,21,0,90.0
Unotec Adaptador HDMI a Euroconector,22,18.18,22,0,84.0
Unotec Mini Adaptador MicroUSB a USB OTG,2.75,2.27,2.75,0,92.1
Conversor DisplayPort a VGA/DVI/HDMI,15.75,13.02,15.75,0,97.5
Approx APPC41 RCA a HDMI,21,17.36,21,0,80.0
Nanocable Conversor DisplayPort a sVGA Negro 15 cm,8.99,7.43,8.99,0,100.0
Unotec Switch Conmutador 3x HDMI,20.72,17.12,20.72,0,83.6
Approx appC19 Adaptador HDMI a MicroHDMI Negro ,3.01,2.49,3.01,0,0.0
Convertidor de Audio Digital a Analógico,15.75,13.02,15.75,0,84.9
Nanocable Adaptador VGA DB15 a DVI 24+5 ,1.52,1.26,1.52,0,73.3
"WD Blue 500GB 2.5"" 5400RPM SATA3",35.29,29.17,35.29,0,92.0
"Seagate BarraCuda 2.5"" 500GB SATA3",35.01,28.93,42.03,17,94.5
Kingston A400 SSD 960 GB SATA3,118.99,98.34,118.99,0,96.0
Samsung 860 QVO SSD 2TB SATA 3 V-NAND MLC,241.68,199.74,241.68,0,92.0
Crucial BX500 SSD 240GB 3D NAND SATA3,45.49,37.6,45.49,0,93.9
SanDisk SSD Plus 480GB SATA III,77.08,63.7,77.08,0,93.8
"Team Group T-Force Vulcan 1TB SSD 2.5"" SATA3",124.99,103.3,156.59,21,0.0
"PNY CS900 2.5"" 960GB SSD SATA 3 TLC",115.9,95.79,115.9,0,90.0
Gigabyte Solid State Drive 480GB SSD SATA III,78,64.46,78,0,90.5
Maxtor Z1 SSD 240GB SATA3,42.99,35.53,42.99,0,85.0
Adata Ultimate SU630 480GB SSD,87.84,72.6,87.84,0,0.0
Kingston A400 SSD 120GB M.2 SATA III TLC,35.87,29.64,35.87,0,97.5
Kingston A400 SSD 240GB M.2 SATA III TLC,40.98,33.87,40.98,0,97.8
Sandisk Ultra 3D SSD 1TB SATA3,142.18,117.5,142.18,0,94.6
Silicon Power Ace A55 256GB SSD 3D NAND,48.99,40.49,53.8,9,100.0
Samsung 860 Pro SSD Series 512GB,157.68,130.31,157.68,0,96.4
Silicon Power Ace A55 128GB SSD 3D NAND,33,27.27,40.6,19,100.0
"Team Group T-Force Vulcan 250GB SSD 2.5"" SATA3",56.58,46.76,56.58,0,0.0
Gigabyte Solid State Drive 120GB SSD SATA III,33.99,28.09,33.99,0,91.0
Crucial MX500 SSD 2TB SATA3,253.32,209.36,253.32,0,94.4
Adata SU650 SSD 120GB SATA3,38.59,31.9,38.59,0,0.0
Adata Ultimate SU630 240GB SSD,53.59,44.29,53.59,0,0.0
Crucial MX500 SSD 250GB SATA,66,54.55,76.75,15,94.6
Kingston UV500 SSD 120GB SATA3,36.59,30.24,36.59,0,89.0
LaCie USB Drive 4TB USB 3.0,119.8,99.01,119.8,0,86.7
Seagate Expansion Desktop 4TB USB 3.0,109.81,90.75,109.81,0,90.0
WD Elements 4TB USB 3.0,115,95.05,115,0,91.7
"Zone Evil ZE45733 500GB 2.5"" USB 3.0 Negro",35.04,28.96,35.04,0,70.0
WD Black P10 Game Drive 2TB USB 3.1,96,79.34,96,0,100.0
WD Elements 3TB USB 3.0,99,81.82,99,0,87.9
WD Black P10 Game Drive 4TB USB 3.2,185.81,153.56,185.81,0,0.0
Intenso HDD Externo 1 TB USB 3.0 Negro,56.18,46.43,56.18,0,77.3
Team Group PD400 SSD 240GB USB 3.1,53,43.8,59.99,12,90.0
WD Black D10 Game Drive 8TB USB 3.2,292.81,241.99,292.81,0,0.0
"LaCie Rugged Mini 2TB 2.5"" USB-C",136,112.4,136,0,90.0
"WD Elements Desktop 3.5"" 8TB USB 3.2",265.99,219.83,265.99,0,100.0
"Intenso Memory Center 6TB 3.5"" USB 3.0 Negro",140.8,116.37,140.8,0,60.0
"Seagate Backup Plus Hub 10TB 3.5"" USB 3.0",274.79,227.1,274.79,0,90.0
Toshiba Canvio Ready 1TB USB 3.0 Negro,67.79,56.02,67.79,0,100.0
"LaCie Mobile Drive 5TB 2.5"" USB-C/3.1/Thunderbolt",180.81,149.43,180.81,0,94.3
Intenso Premium Edition SSD Externo 128GB USB 3.0,47.8,39.51,47.8,0,80.0
"My Book Essential 6TB 3.5"" USB 3.0 Negro",159.35,131.7,159.35,0,89.1
"Seagate Game Drive 2.5"" 4TB USB 3.0 HDD para PS4",156.23,129.12,156.23,0,100.0
Team Group PD400 SSD 960GB USB 3.1,124.99,103.3,124.99,0,0.0
PNY Pro Elite SSD 250GB USB-C,81.89,67.68,81.89,0,0.0
"WD My Passport 4TB 2.5"" USB 3.0 Negro",140.56,116.17,168.68,17,92.1
"Intenso Memory Board 4TB 3.5"" USB 3.0 Antracita",113.98,94.2,113.98,0,93.3
Western Digital My Passport Go SSD 500GB USB 3.1 Azul,83.5,69.01,83.5,0,0.0
WD Black 1TB SATA3 7200rpm,84.99,70.24,84.99,0,94.4
Toshiba DT01ACA200 2TB SATA3 64MB,66.74,55.16,66.74,0,91.2
"Seagate FireCuda HDD 3.5"" 1TB SATA3",86.75,71.69,86.75,0,88.3
Seagate IronWolf NAS 8TB SATA3,249.9,206.53,249.9,0,87.5
"Seagate Barracuda 3.5"" 8TB SATA 3",229.6,189.75,229.6,0,46.7
"WD Purple 4TB 3.5"" SATA III",119.6,98.84,119.6,0,97.1
WD NAS Desk Red 8TB 256 MB SATA 3,276.94,228.88,276.94,0,80.0
"WD Red 2TB 3.5"" SATA3",89.28,73.79,89.28,0,0.0
"Toshiba N300 NAS 4TB 3.5"" SATA3",138.75,114.67,138.75,0,93.8
WD Black 2TB SATA3 7200rpm,141.59,117.02,141.59,0,92.9
"Toshiba X300 6TB 3.5"" SATA3",181.59,150.08,181.59,0,100.0
Seagate IronWolf NAS 3TB SATA3,115.59,95.53,115.59,0,84.0
WD Purple 3TB SATA 3,93.59,77.35,93.59,0,90.7
"Seagate Exos X10 3.5"" 10TB SATA3",331.6,274.05,331.6,0,100.0
"Toshiba N300 NAS 6TB 3.5"" SATA III",203.71,168.36,203.71,0,100.0
"WD Black 3.5"" 4TB SATA 3",214.59,177.35,214.59,0,100.0
Seagate IronWolf NAS 14TB SATA3,514.59,425.28,514.59,0,80.0
"WD Purple 1TB 3.5"" SATA3",56.43,46.64,56.43,0,0.0
WD Black 2TB SATA3 7200rpm Refurbished,122.59,101.32,122.59,0,60.0
"WD Red NAS 10TB 3.5"" SATA3",358.99,296.69,358.99,0,0.0
"Toshiba P300 3.5"" 3 TB 7200RPM SATA",99.24,82.02,99.24,0,92.3
"Toshiba X300 5TB 3.5"" SATA",171.59,141.81,171.59,0,0.0
"WD Purple 3.5"" 6TB SATA 3",186,153.72,186,0,0.0
"WD Blue 3TB 3.5"" SATA 3 Refurbished",90.59,74.87,90.59,0,86.7
PNY XLR8 CS3030 1TB M.2 3D TLC NVMe PCI-Express,157.9,130.5,157.9,0,100.0
Kingston A2000 M.2 250GB PCI Express 3.0 NVMe,60.34,49.87,60.34,0,93.5
Maxtor Z1 SSD 960GB SATA3,120.33,99.45,120.33,0,97.3
SSD Crucial MX500 M.2 2280 500GB,78.99,65.28,78.99,0,93.6
Crucial MX500 SSD 1000GB SATA,132.99,109.91,132.99,0,95.1
WD Green 3D SSD M.2 120GB SATA3,31.76,26.25,31.76,0,92.4
Kingston A2000 M.2 500GB PCI Express 3.0 NVMe,95.99,79.33,95.99,0,94.5
Maxtor Z1 SSD 480GB SATA3,84.9,70.17,84.9,0,91.0
Crucial MX500 SSD 500GB SATA,82.99,68.59,82.99,0,94.3
SSD Crucial MX500 M.2 2280 1TB,137,113.22,137,0,88.6
WD Green 3D SSD 240GB SATA3,42.53,35.15,42.53,0,91.6
Kingston UV500 SSD 480GB SATA3,86.6,71.57,86.6,0,91.3
Gigabyte SSD M.2 128 GB 2280 PCIe 3.0 x4 NVMe,47.78,39.49,47.78,0,86.2
WD Green 3D SSD 120GB SATA3,32.04,26.48,32.04,0,89.8
SanDisk SSD Plus 1TB SATA III,122.64,101.36,122.64,0,95.8
Samsung SSD 970 Pro NVMe PCI-E M.2 1 TB,326.9,270.17,326.9,0,86.7
Western Digital Black SN750 NVMe 1TB SSD M.2 PCI Express 3.0,194.41,160.67,194.41,0,97.8
Samsung T5 SSD Externo 250GB USB 3.1 Azul,75,61.98,88.98,16,95.7
Corsair Force Series Gen3 MP510 M.2 240GB SSD,58.89,48.67,58.89,0,98.6
Western Digital Blue 3D Nand SATA SSD M.2 2280 250GB,55.82,46.14,55.82,0,95.2
Corsair Force Series Gen4 MP600 NVMe M.2 500GB SSD,160.99,133.05,160.99,0,100.0
Samsung SSD 860 EVO M.2 1TB,163.99,135.53,163.99,0,93.3
OCZ RC500 250GB SSD M.2 PCIe x4 NVMe,60.6,50.08,60.6,0,97.1
WD Black SN750 NVMe 500GB SSD M.2 PCI Express 3.0 con Disipador Térmico,113.87,94.11,113.87,0,97.1
Conceptronic HDE01G Caja Externa para SSD M.2 USB-C,23,19.01,23,0,76.0
"Tooq Caja Externa TQE-3530B 3.5"" SATA a USB 3.0",17.75,14.67,17.75,0,85.4
Ewent EW7023 Caja externa SSD M.2 USB 3.1 Aluminio,14.95,12.36,14.95,0,80.0
"TooQ Easydata Series 3526B Carcasa 3.5"" USB 3.0 Negro",17.75,14.67,17.75,0,84.7
"Tacens Portum DUO II USB 3.0 2.5""/3.5""",38.1,31.49,38.1,0,89.0
Startech Adaptador SSD M.2 a USB 3.0 UASP con Carcasa Protectora,29,23.97,29,0,72.0
"Tooq Carcasa Disco Duro 2.5"" SATA a USB C/3.1",15.95,13.18,15.95,0,87.1
"Tooq TQE-2531S Caja Externa USB 3.1 Plata para Disco Duro 2.5"" SATAIII con UASP ",14.25,11.78,14.25,0,96.0
"Conceptronic Grab´n´GO Carcasa HD 3.5"" SATA USB 3.0 Negro",23,19.01,23,0,80.0
CoolBox DeepCase Carcasa Disco Duro USB 3.2 Negra,9.3,7.69,9.3,0,60.0
"3Go Carcasa Externa HDD 3.5"" SATA+IDE a USB 2.0",26.22,21.67,28.35,8,0.0
"Tacens Anima AHD1 Carcasa HDD/SSD 2.5"" SATA3 USB 3.0",11.32,9.36,11.32,0,100.0
"i-Tec MySafe Carcasa Disco Duro 2.5"" SATA a USB-C 3.1",16.27,13.45,16.27,0,0.0
"Ewent Carcasa para Disco Duro SATA de 3.5"" sin Tornillos USB 3.1",21.87,18.07,21.87,0,100.0
CoolBox SlimChase A-3503 Carcasa para Disco Duro USB 3.0 Negra,24.95,20.62,24.95,0,0.0
CoolBox SlimColor 2543 Carcasa Disco Duro USB 3.2 Azul Claro,9.43,7.79,9.43,0,0.0
SilverStone MS10C Caja Externa SSD M.2 USB-C Plata,19.99,16.52,19.99,0,90.0
CoolBox SlimChase A-2513 Carcasa Disco Duro USB 3.1 Negro/Plata,10.87,8.98,10.87,0,0.0
CoolBox SlimChase Carcasa Disco Duro USB 3.0,7.27,6.01,7.27,0,0.0
CoolBox SlimChase 2512 Carcasa Disco Duro USB 2.0,7.19,5.94,7.19,0,0.0
CoolBox SlimChase A-2523 Carcasa Disco Duro USB 3.1 Negra,10.99,9.08,10.99,0,0.0
CoolBox SlimColor 2543 Carcasa Disco Duro USB 3.2 Azul,9.49,7.84,9.49,0,0.0
"Digitus Carcasa para Disdo Duro 3.5"" USB 3.0 Negra",39.99,33.05,39.99,0,0.0
CoolBox SecurChase Carcasa de Seguridad para Disco Duro USB 3.1,10.95,9.05,10.95,0,0.0
"StarTech Adaptador Conversor SSD M.2 NGFF a SATA de 2.5""",23,19.01,23,0,81.9
"Startech Adaptador Interno Bahía 3.5"" a 2.5"" Negro",7.95,6.57,7.95,0,75.0
"Silverstone TS12 Docking Station USB 3.1 Tipo C para 2 Bahías HDD/SSD 3.5""/2.5"" Gris",99.99,82.64,99.99,0,80.0
Approx Adaptador USB 2.0 a IDE/SATA,17.48,14.45,17.48,0,89.2
Startech Duplicador de Discos Duros USB 3.0 SATA,70,57.85,70,0,83.3
3Go Adaptador CD/DVD-ROM a HDD/SSD SATA 12.7mm,12.64,10.45,13.38,6,0.0
"Silverstone TS11-C Docking Station USB 3.1 Tipo C para HDD/SSD 3.5""/2.5"" Dorada",43.99,36.36,43.99,0,100.0
"Conceptronic 2.5""/3.5"" HD Docking Station USB3.0",34.95,28.88,34.95,0,88.2
"Startech Conversor SSD M.2 a SATA3 de 2.5""",26,21.49,26,0,0.0
"Silverstone TS09 Adaptador 2.5"" a CDSlim 12.7mm",11.25,9.3,11.25,0,91.0
Silverstone TP01-M2 Almohadilla Térmica para SSD M.2 hasta 110mm,4.99,4.12,4.99,0,95.0
"Silverstone SDP08 Adaptador de Bahía de 3.5"" a 2.5"" Plateado",7.99,6.6,7.99,0,82.0
"Silverstone TS08 Adaptador 2.5"" a CDSlim 9.5mm",12.99,10.74,12.99,0,90.3
"3Go Carcasa Externa HDD 2.5"" SATA a USB 2.0 Azul",10.28,8.5,10.28,0,0.0
"Silverstone FS202B Frontal de 3.5"" Negro para 2 Discos Duros SATA 2.5",29.99,24.79,29.99,0,93.8
"Startech Carcasa SSD 2.5"" USB 3.1 Negra",33,27.27,33,0,0.0
Startech Base Dock Copiadora de Disco SATA,114.7,94.79,114.7,0,96.7
Startech Tarjeta Adaptador M.2 a U.2 SSD NVMe,33.99,28.09,33.99,0,0.0
Startech Tarjeta PCI-e Adaptador SSD M.2 SATA,22.99,19.0,22.99,0,0.0
"Silverstone FS303B Frontal de 5.25"" Negro para 3 Discos Duros SATA 3.5""",59.99,49.58,59.99,0,80.0
"3Go Caja Externa USB 3.0 Negra para Disco Duro 3.5"" SATA3",25.31,20.92,27.39,8,0.0
Startech Caja Carcasa SSD M.2 SATA USB-C Negra,51,42.15,51,0,0.0
"Sharkoon 5.25"" Bay Extension",8.25,6.82,8.25,0,90.6
"Startech Adaptador para Unidad de Disco M.2 a SATA para Bahía de 2.5""",45,37.19,45,0,0.0
Zyxel NAS542 Servidor NAS 4 Bahías,275,227.27,275,0,100.0
Qnap TS-451+ 2GB NAS 4 HD,509,420.66,509,0,100.0
Synology DiskStation DS120j NAS,125.47,103.69,125.47,0,0.0
Qnap TS-453Be-4G NAS,645,533.06,645,0,100.0
Asustor AS3102T v2 NAS,279.07,230.64,279.07,0,100.0
Synology DiskStation DS418PLAY NAS,549.54,454.17,549.54,0,96.0
Qnap TS-231P NAS + Seagate IronWolf NAS 2x4TB SATA3,475.59,393.05,475.59,0,100.0
Synology DiskStation DS1819+ NAS 8 Bahías,1063,878.51,1063,0,80.0
Qnap TS-431X-2G NAS,513.23,424.16,513.23,0,100.0
Synology DX517 Unidad de Expansión NAS 5 Bahías Reacondicionado,479.9,396.61,479.9,0,0.0
WD My Cloud EX2 Ultra NAS,177.14,146.4,177.14,0,84.3
Synology RackStation RS217 NAS 2HD,529.98,438.0,529.98,0,0.0
WD My Cloud Home 6TB NAS Blanco Refurbished,227.8,188.27,227.8,0,0.0
Synology RX1217 Unidad de Disco Multiple Bastidor 2U Negro,1676.8,1385.79,1676.8,0,0.0
UNYKAch NAS 4U USB 3.0,152.49,126.02,152.49,0,0.0
Synology Diskstation DS418 NAS Reacondicionado,364.45,301.2,364.45,0,0.0
Asustor AS4002T NAS,279,230.58,279,0,100.0
Asustor LOCKERSTOR 10 AS6510T Servidor NAS,1403.91,1160.26,1403.91,0,0.0
WD My Cloud Home NAS 8TB USB 3.0 Refurbished,272.8,225.46,272.8,0,0.0
Qnap TS-431P NAS + Seagate IronWolf NAS 4x4TB SATA3,775.59,640.99,775.59,0,0.0
Qnap TS-451+-8G NAS,679,561.16,679,0,100.0
Asustor Nimbustor 4 AS5304T NAS Reacondicionado,436,360.33,436,0,90.0
Synology DiskStation DS1815+ NAS 8 Bay,979,809.09,979,0,87.1
Qnap TS-251B-2G NAS,392.29,324.21,392.29,0,0.0
MSI GeForce GTX 1660 SUPER Ventus XS OC 6GB GDDR6,257.9,213.14,257.9,0,94.7
MSI GeForce GT710 2GB DDR3 Low Profile,52.99,43.79,52.99,0,87.5
Gigabyte GeForce RTX 2060 Super Gaming OC 3X 8GB GDDR6,454.9,375.95,454.9,0,88.4
MSI GeForce RTX 2060 Super Gaming X 8GB GDDR6,484.9,400.74,484.9,0,97.3
Gigabyte GeForce GTX 1650 SUPER Windforce OC 4GB GDDR6,187.9,155.29,187.9,0,89.1
MSI GeForce RTX 2060 SUPER Ventus GP OC 8GB GDDR6,444.9,367.69,444.9,0,100.0
MSI GeForce GT710 1GB DDR3 Low Profile,50.42,41.67,50.42,0,89.6
Asus GeForce GTX 1650 SUPER TUF Gaming OC 4GB GDDR6,226.04,186.81,300,25,94.8
Zotac Gaming GeForce RTX 2070 Mini 8GB GDDR6,519.89,429.66,519.89,0,96.5
Gigabyte GeForce GT 1030 2GB GDDR5 LP,79.99,66.11,79.99,0,91.5
PNY GeForce GTX 1660 Ti XLR8 Gaming OC Dual Fan 6GB GDDR6,289.9,239.59,289.9,0,92.9
Gigabyte GeForce GTX 1050Ti OC 4GB GDDR5,154.9,128.02,154.9,0,92.8
Gigabyte GeForce RTX 2070 SUPER GAMING OC 3X WHITE 8GB GDDR6,579.9,479.26,579.9,0,100.0
MSI GeForce GTX 1660 Ti Ventus XS 6GB GDDR6,304.9,251.98,304.9,0,94.8
Gigabyte GeForce GTX 1050 OC 2GB GDDR5,134.9,111.49,134.9,0,92.9
Gigabyte GeForce RTX 2070 Super Gaming OC 3X 8GB GDDR6,579.9,479.26,579.9,0,92.0
MSI GeForce RTX 2080 SUPER Gaming X Trio 8 GB GDDR6,839.9,694.13,839.9,0,98.4
MSI GeForce GTX 1660 SUPER GAMING X 6GB GDDR6,284.9,235.45,284.9,0,94.2
Gigabyte GeForce GTX 1050Ti OC 4GB Low Profile GDDR5,145.9,120.58,145.9,0,95.0
PNY GeForce RTX 2060 Super Dual Fan 8GB GDDR6,409.9,338.76,409.9,0,84.2
Asus GeForce GT 710 1GB GDDR5,42.99,35.53,42.99,0,87.2
MSI GeForce RTX 2070 Super Gaming X 8GB GDDR6,579,478.51,609.9,6,96.6
MSI GeForce RTX 2080 SUPER GAMING TRIO 8GB GDDR6,719.9,594.96,824.91,13,0.0
MSI GeForce GTX 1650 Ventus XS 4GB GDDR5,157.91,130.5,157.91,0,86.7
MSI GeForce GTX 1660 SUPER Ventus XS OC 6GB GDDR6,257.9,213.14,257.9,0,94.7
Gigabyte GeForce RTX 2060 Super Gaming OC 3X 8GB GDDR6,454.9,375.95,454.9,0,88.4
MSI GeForce RTX 2060 Super Gaming X 8GB GDDR6,484.9,400.74,484.9,0,97.3
Gigabyte GeForce GTX 1650 SUPER Windforce OC 4GB GDDR6,187.9,155.29,187.9,0,89.1
MSI GeForce RTX 2060 SUPER Ventus GP OC 8GB GDDR6,444.9,367.69,444.9,0,100.0
Asus GeForce GTX 1650 SUPER TUF Gaming OC 4GB GDDR6,226.04,186.81,300,25,94.8
Zotac Gaming GeForce RTX 2070 Mini 8GB GDDR6,519.89,429.66,519.89,0,96.5
Gigabyte GeForce GT 1030 2GB GDDR5 LP,79.99,66.11,79.99,0,91.5
PNY GeForce GTX 1660 Ti XLR8 Gaming OC Dual Fan 6GB GDDR6,289.9,239.59,289.9,0,92.9
Gigabyte GeForce GTX 1050Ti OC 4GB GDDR5,154.9,128.02,154.9,0,92.8
Gigabyte GeForce RTX 2070 SUPER GAMING OC 3X WHITE 8GB GDDR6,579.9,479.26,579.9,0,100.0
MSI GeForce GTX 1660 Ti Ventus XS 6GB GDDR6,304.9,251.98,304.9,0,94.8
Gigabyte GeForce GTX 1050 OC 2GB GDDR5,134.9,111.49,134.9,0,92.9
Gigabyte GeForce RTX 2070 Super Gaming OC 3X 8GB GDDR6,579.9,479.26,579.9,0,92.0
MSI GeForce RTX 2080 SUPER Gaming X Trio 8 GB GDDR6,839.9,694.13,839.9,0,98.4
MSI GeForce GTX 1660 SUPER GAMING X 6GB GDDR6,284.9,235.45,284.9,0,94.2
Gigabyte GeForce GTX 1050Ti OC 4GB Low Profile GDDR5,145.9,120.58,145.9,0,95.0
PNY GeForce RTX 2060 Super Dual Fan 8GB GDDR6,409.9,338.76,409.9,0,84.2
MSI GeForce RTX 2070 Super Gaming X 8GB GDDR6,579,478.51,609.9,6,96.6
MSI GeForce RTX 2080 SUPER GAMING TRIO 8GB GDDR6,719.9,594.96,824.91,13,0.0
MSI GeForce GTX 1650 Ventus XS 4GB GDDR5,157.91,130.5,157.91,0,86.7
PNY GeForce GTX 1650 XLR8 Gaming 4GB OC GDDR5,141.9,117.27,141.9,0,95.0
Zotac Gaming GeForce RTX 2060 Super Mini 8GB GDDR6,395.9,327.19,439.9,11,86.7
PNY GeForce RTX 2060 XLR8 Gaming OC Edition 6 GB GDDR6,357.91,295.79,357.91,0,94.8
XFX AMD Radeon RX 5700 XT THICC II Ultra 8GB GDDR6,429.9,355.29,429.9,0,86.2
PowerColor Red Dragon Radeon RX 5500 XT 8GB GDDR6,224.89,185.86,224.89,0,100.0
Sapphire Pulse Radeon RX 5500 XT 4GB GDDR6,217.99,180.16,217.99,0,92.0
Sapphire Pulse Radeon RX 5500 XT 8GB GDDR6,229.9,190.0,229.9,0,100.0
Sapphire NITRO+ Radeon RX 5700 XT Special Edition 8 GB GDDR6,499.9,413.14,499.9,0,94.5
PowerColor Red Dragon RX 5600 XT 6GB GDDR6,299.9,247.85,369.9,19,75.0
Gigabyte Radeon RX 5500 XT Gaming OC 8GB GDDR6,249.9,206.53,249.9,0,92.0
MSI Radeon RX 560 AERO ITX OC 4GB GDDR5,113.9,94.13,113.9,0,89.7
Sapphire Nitro+ Radeon RX 590 8GB GDDR5 UEFI,239.89,198.26,239.89,0,92.4
Sapphire Pulse Radeon RX 5600 XT 6GB GDDR6,319.9,264.38,319.9,0,78.8
XFX Radeon RX 5700 XT THICC III Ultra 8GB GDDR6 ,446.9,369.34,446.9,0,86.2
MSI Radeon RX 5500 XT Gaming X 8GB GDDR6,254.9,210.66,254.9,0,100.0
Gigabyte Radeon RX 5600 XT Gaming OC 6GB GDDR6,339.9,280.91,339.9,0,87.3
MSI Radeon RX 5500 XT MECH OC 8GB GDDR6,224.9,185.87,224.9,0,100.0
Asus ROG Strix Radeon RX 580 OC 8G Gaming,252.51,208.69,252.51,0,85.5
Asus Rog Strix RX 5500 XT 8GB Gaming GDDR6,326.93,270.19,326.93,0,60.0
Sapphire Pulse Radeon RX 5700 XT 8GB GDDR6,439.9,363.55,439.9,0,78.9
Gigabyte AMD Radeon RX 5700 8GB GDDR6,402.9,332.98,402.9,0,0.0
Asus Dual Radeon RX 5500 XT EVO OC Edition 8GB GDDR6,239.9,198.26,239.9,0,60.0
Asus TUF Gaming Radeon RX 5700 XT OC 8GB GDDR6,409.9,338.76,456.9,11,0.0
MSI Radeon RX 570 Armor 8GB OC GDDR5,180.31,149.02,180.31,0,91.0
Sapphire Pulse Radeon RX 570 4GB GDDR5,145.9,120.58,145.9,0,94.2
Gigabyte Radeon RX 5500 XT OC 4GB GDDR6,194.9,161.07,194.9,0,100.0
MSI Radeon RX 5600 XT MECH OC 6GB GDDR6,319.9,264.38,319.9,0,100.0
GoodRam SR SODIMM DDR3 1600MHz 4GB CL11 Reacondicionado,20.55,16.98,20.55,0,100.0
GoodRam SODIMM DDR3 1600MHz PC3-12800 4GB CL11,18.99,15.69,18.99,0,0.0
GoodRam SODIMM DDR3 1333MHz 8GB CL9 ,42,34.71,42,0,90.9
Memoria Ram para Mac Crucial DDR3L 1866 PC3-14900 16GB CL13,159,131.41,159,0,100.0
Crucial SO-DIMM DDR3 1333MHz PC3-10600 8GB CL9,47.16,38.98,47.16,0,0.0
GoodRam SODIMM DDR3 1333MHz PC3-10600 4GB CL9,18.99,15.69,18.99,0,0.0
Memoria Ram para Mac Crucial DDR3 1066 PC3-8500 4GB CL7,39.05,32.27,39.05,0,70.0
Kingston HyperX Fury Black 16GB DDR4 3200Mhz PC-25600 CL16,88,72.73,88,0,97.0
G.Skill Trident Z Neo DDR4 3600 PC4-28800 32GB 2x16GB CL16,226,186.78,226,0,97.5
Kingston HyperX Fury Black 8GB DDR4 3200Mhz PC-25600 (2x4GB) CL16,54,44.63,54,0,97.1
Corsair Vengeance LPX DDR4 3200 PC4-25600 16GB 2x8GB CL16,94,77.69,94,0,93.7
G.Skill Ripjaws V Red DDR4 2400 PC4-19200 8GB 2x4GB CL15,51.2,42.31,51.2,0,94.6
G.Skill Trident Z Neo DDR4 3600 PC4-28800 16GB 2x8 GB CL16,139,114.88,139,0,94.8
Corsair Vengeance LPX DDR4 2666 16GB 2x8GB CL16,82.99,68.59,82.99,0,96.3
Kingston ValueRAM DDR4 2400 PC4-19200 4GB CL17,23,19.01,23,0,93.6
Corsair Vengeance RGB Pro Optimizado AMD DDR4 3200 16GB 2x8GB CL16,139,114.88,139,0,0.0
Kingston HyperX Fury Black 4GB DDR4 2666Mhz PC-21300 CL15,25,20.66,25,0,94.3
G.Skill Trident Z DDR4 3600 PC4-28800 16GB 2x8GB CL16,161.95,133.84,161.95,0,95.0
G.Skill Aegis DDR4 2133 PC4-17000 4GB CL15,21,17.36,21,0,91.5
Memoria RAM Crucial DDR4 2400 PC4-19200 4GB CL17,20.56,16.99,20.56,0,92.7
Corsair Value Select DDR4 2400 PC4-19200 8GB CL16,35,28.93,35,0,91.0
Team Group Delta White RGB DDR4 3200 PC4-25600 16GB 2x8GB CL16,93.99,77.68,93.99,0,95.2
G.Skill Ripjaws V Red DDR4 2666 PC4-21300 8GB 2x4GB CL15,44.99,37.18,44.99,0,94.4
G.Skill FlareX DDR4 3200 PC4-25600 16GB 2x8GB CL16,90.8,75.04,90.8,0,91.3
Corsair Vengeance LPX DDR4 3200 PC4-25600 16GB 2x8GB CL16 Blanco,92.99,76.85,92.99,0,91.2
Corsair Vengeance LPX DDR4 2400 PC4-19200 8GB CL16,58.84,48.63,58.84,0,93.2
Corsair Vengeance LPX DDR4 3000 PC4-24000 16GB CL15,79.95,66.07,79.95,0,95.6
Team Group T-Force Night Hawk White RGB DDR4 3200 PC4-25600 16GB 2x8 CL16,95,78.51,118.99,21,93.8
Kingston HyperX Fury Black 16GB DDR4 2400Mhz PC-19200 (2x8GB) CL15,81,66.94,81,0,95.0
G.Skill Ripjaws V Red DDR4 2133 PC4-17000 16GB 2x8GB CL15,75,61.98,75,0,95.6
Thermaltake Toughram RGB DDR4 3200 2x8GB 16GB CL16,113.99,94.21,113.99,0,95.2
Kingston ValueRAM 2GB DDR3 1333MHz PC3-10600 CL9 SODIMM,16.99,14.04,16.99,0,92.5
G.Skill Ripjaws SO-DIMM DDR3L 1600 PC3-12800 4GB CL9,19.99,16.52,19.99,0,93.7
G.Skill Ripjaws SODIMM DDR4 2666MHz 8GB CL19,49,40.5,49,0,95.6
GoodRam SODIMM DDR4 2400MHz 8GB CL17,40.99,33.88,40.99,0,92.4
Kingston SO-DIMM DDR3 1600 PC3-12800 8GB CL11 Para Mac,53,43.8,53,0,95.2
G.Skill Ripjaws SO-DIMM DDR4 2400 PC4-19200 4GB CL16,23,19.01,23,0,90.0
Kingston HyperX Impact SO-DIMM DDR3L 1600 PC3-12800 4GB CL9,24.99,20.65,24.99,0,93.9
Kingston ValueRAM SO-DIMM DDR4 2666MHz PC4-21300 16GB CL19,76.99,63.63,76.99,0,0.0
Crucial Ballistix Sport LT DDR4 2400Mhz PC4-19200 16GB CL16 SODIMM,86.74,71.69,86.74,0,90.0
Kingston KCP424SD8/16 SO-DIMM DDR4 2400MHz PC4-19200 16GB CL17,81,66.94,81,0,0.0
Corsair Mac Memory DDR3 1333 PC3-10600 2x4GB CL9,48.99,40.49,48.99,0,100.0
GoodRam SODIMM DDR3 1600MHz 8GB CL11 ,42,34.71,42,0,89.7
G.Skill SO-DIMM DDR3 1600 PC3-12800 8GB CL11 Para Mac,32.99,27.26,32.99,0,91.4
Team Group Elite SO-DIMM DDR4 2400 PC-19200 16GB CL16,69,57.02,69,0,0.0
G.Skill SO-DIMM DDR3L 1333 PC3-10666 8GB CL9,45,37.19,45,0,95.8
Memoria Ram Kingston HyperX Impact SODIMM DDR4 2933MHZ 8GB CL17,45,37.19,45,0,94.5
Memoria Ram para Mac Crucial DDR4 PC4-19200 16GB CL17,77.99,64.45,77.99,0,100.0
Crucial Ballistix Sport LT DDR4 2400 PC4-19200 8GB CL16 SODIMM,48.7,40.25,48.7,0,92.3
Goodram DDR4 2400 PC4-19200 16GB CL17 SODIMM,83.99,69.41,83.99,0,93.3
G.Skill Ripjaws SODIMM DDR4 2666MHz PC4-21300 4GB CL18,28,23.14,28,0,85.0
G.Skill SO-DIMM DDR2 800 PC2-6400 2GB CL5,25.95,21.45,25.95,0,88.6
Crucial Ballistix SO-DIMM 2666 DDR4 32GB 2x16GB CL16,198.4,163.97,198.4,0,0.0
Lenovo 4X70M60574 SO-DIMM DDR4 2400MHz PC4-19200 8GB CL17,87.33,72.17,87.33,0,0.0
G.Skill SO-DIMM DDR3L 1600 PC3-12800 4GB CL11,26.99,22.31,26.99,0,89.6
Aerocool RIFT RGB USB 3.0 con Ventana,39.99,33.05,39.99,0,89.4
Nox Hummer TGM ARGB Cristal Templado USB 3.0,64.99,53.71,64.99,0,70.9
Tempest One USB 3.0 con Ventana Blanca,29.98,24.78,29.98,0,89.7
Tacens Anima AC4500 USB 3.0 + Fuente de Alimentación 500W,26.99,22.31,26.99,0,86.3
Corsair Carbide SPEC-06 Cristal Templado RGB White,92.99,76.85,92.99,0,95.2
Nfortec Antares USB 3.0 Cristal Templado RGB Blanca,89.95,74.34,89.95,0,89.7
Corsair Carbide SPEC-06 Cristal Templado RGB Negra,79.99,66.11,92.99,14,91.1
Nox Infinity Atom USB 3.0 Cristal Templado,41.94,34.66,41.94,0,85.8
Corsair iCUE 220T RGB Cristal Templado USB 3.1 Negra,114.9,94.96,114.9,0,80.0
Owlotech Start Case USB 3.0 500W,39.99,33.05,39.99,0,82.9
NZXT H510 Cristal Templado USB 3.1 Negro/Rojo Mate,79.99,66.11,79.99,0,91.3
Nox LITE010 USB 3.0 + Fuente de Alimentación 500W,31.99,26.44,31.99,0,76.2
Nfortec Lynx Cristal Templado USB 3.0 RGB Negra,39.95,33.02,39.95,0,88.6
Corsair Crystal 570X RGB Cristal Templado USB 3.0 Roja,149,123.14,186.98,21,93.9
Corsair Carbide 275Q USB 3.0 Negra,101.02,83.49,101.02,0,90.8
Nox Infinity Omega ARGB USB 3.0 con Ventana,41.06,33.93,41.06,0,79.1
Corsair 275R Cristal Templado USB 3.0 Blanca,77.99,64.45,77.99,0,96.7
NOX Modus Blue Edition USB 3.0,26.4,21.82,26.4,0,86.7
Lian Li PC-O11 Dynamic Razer Edition Cristal Templado USB 3.1 RGB Negra,157.99,130.57,157.99,0,91.4
Nox Hummer Zero Cristal Templado USB 3.0 Blanca,49.99,41.31,49.99,0,98.5
Tempest One USB 3.0 con Ventana Negra,29.98,24.78,29.98,0,89.3
Thermaltake H200 TG RGB Snow Cristal Templado USB 3.1 Blanco,69.99,57.84,69.99,0,98.0
Thermaltake View 31 TG Cristal Templado USB 3.0,126.65,104.67,126.65,0,95.5
Corsair 110 R Cristal Templado USB 3.0 Negro,59.99,49.58,59.99,0,92.4
"CoolBox HSW-2533 Bahía Frontal 5.25"" 3 Discos SATA/SAS 3.5""/2.5"" para caja SRM-44500",96.94,80.12,96.94,0,0.0
CoolBox Kit Pedestal para Caja Servidor SRM-44500,8.47,7.0,8.47,0,0.0
"CoolBox Pack 2 Guías de 22"" 4U para Caja SRM-44500",67.13,55.48,67.13,0,0.0
NGS Pcshuttle Soporte CPU,11.95,9.88,11.95,0,85.0
MSI Cubi 5 10M-009BEU Intel Core i3-10110U Reacondicionado,278.7,230.33,278.7,0,80.0
Barebone Intel NUC NUC7i5DNHE Intel Core i5-7300U,381.23,315.07,381.23,0,100.0
Asus VivoMini PN60-BB3004MD Intel Core i3-8130U,316.88,261.88,316.88,0,0.0
Gigabyte Brix Intel Core i3-8130U,329,271.9,329,0,60.0
Gigabyte Brix Intel Celeron N3000,125,103.31,125,0,88.3
Asus Chromebit CS10 B014C 2GB/16GB Quad Core Chromebit Mini PC,153.97,127.25,190.74,20,95.0
Gigabyte Brix Intel Core i5-8250U,431.54,356.64,431.54,0,100.0
Intel NUC NUC7I3BNHX1 Intel Core i3-7100,361.66,298.89,361.66,0,0.0
Intel NUC NUC7I7BNH Intel Core i7-7567U,533.82,441.17,533.82,0,92.0
Asus PN40-BB013M Intel Celeron N4000,131,108.26,131,0,0.0
Gigabyte BRIX Bace-3160 Intel Celeron N3160 Reacondicionado,94.9,78.43,94.9,0,91.4
Intel NUC NUC7I5BNKP Intel Core i5-7260U/8GB/256GB SSD,699,577.69,699,0,100.0
Intel NUC BOXNUC8I7BEK2 Intel Core i7-8559U,603.63,498.87,603.63,0,0.0
Asus Chromebox 3 N007U Intel Celeron 3865U/4GB/32GB SSD,325,268.6,325,0,0.0
Asus Chromebox 3 N008U Intel Core i3-7100U/4GB/64GB SSD,514.52,425.22,514.52,0,0.0
Asus PN60-BB3003MC Intel Core i3-8130U,319,263.64,319,0,0.0
Intel NUC BKNUC8I3PNH2 Intel Core i3-8145U,319,263.64,319,0,0.0
Intel NUC BKNUC8I3PNK2 Intel Core i3-8145U,319,263.64,319,0,0.0
Intel NUC BKNUC8V5PNH2 Intel Core i5-8365U,479,395.87,479,0,0.0
Intel NUC BKNUC8V5PNK2 Intel Core i5-8365U,479,395.87,479,0,0.0
Intel NUC BKNUC8V7PNH2 Intel Core i7-8665U,649,536.36,649,0,0.0
Intel NUC BKNUC8V7PNK2 Intel Core i7-8665U,649,536.36,649,0,0.0
Intel NUC BXNUC10I3FNH2 Intel Core i3-10110U,319,263.64,319,0,0.0
Intel NUC BXNUC10I3FNK2 Intel Core i3-10110U,355.59,293.88,355.59,0,0.0
Cooler Master MasterAir MA410M Disipador CPU,54.99,45.45,54.99,0,93.3
Noctua NH-L9x65,44.99,37.18,44.99,0,91.7
Cooler Master Hyper TX3i CPU Cooler,22,18.18,22,0,89.4
Aerocool Verkho 2 CPU Cooler,9.99,8.26,9.99,0,88.3
Nox Hummer H-112 CPU Cooler,12.99,10.74,12.99,0,83.4
AeroCool Cylon 3 ARGB CPU Ventilador RGB 120mm,29.99,24.79,29.99,0,73.3
Thermaltake Contac 9 CPU Cooler,19.99,16.52,19.99,0,86.0
Noctua NH-NH-U12S SE-AM4,72.39,59.83,72.39,0,96.5
Cooler Master Hyper 212 LED Turbo Red,41.9,34.63,41.9,0,93.5
Thermaltake UX 100 ARGB Ventilador CPU 120mm,22.68,18.74,22.68,0,73.3
Nfortec Vela KX CPU Cooler,24.11,19.93,24.11,0,91.5
Cooler Master Hyper H411R White Led,24,19.83,24,0,90.8
Noctua NH-U14S,69,57.02,69,0,93.8
Mars Gaming MCPURGB Ventilador CPU,21.99,18.17,21.99,0,89.3
Cooler Master Dream i117,14.25,11.78,14.25,0,89.1
Noctua NH-D15S,79.99,66.11,79.99,0,96.4
Noctua NH-L12S CPU Cooler,49.99,41.31,49.99,0,93.3
Tacens Mars Gaming MCPU3+ Ventilador CPU,26.99,22.31,26.99,0,100.0
Tacens Mars Gaming MCPU117 CPU Cooler,13.31,11.0,13.31,0,85.9
Noctua NH-L9i Perfil Bajo,40.99,33.88,40.99,0,95.2
Enermax ETS-N31,18.99,15.69,18.99,0,87.8
Noctua NH-L9X65 SE-AM4,43.99,36.36,43.99,0,88.1
AeroCool Cylon 4 ARGB CPU Ventilador RGB 120mm,36.96,30.55,36.96,0,100.0
SilverStone Nitrogon NT08-115X-V2 Ventilador CPU,15.99,13.21,15.99,0,100.0
Nox CoolFan 120mm LED Blanco,5.2,4.3,5.2,0,87.1
NOX H-Fan LED Blanco Ventilador 120mm,7.3,6.03,7.3,0,87.1
Aerocool REV RGB Ventilador RGB 120mm,9.99,8.26,9.99,0,87.4
Aerocool Eclipse ARGB Ventilador 120mm,7.99,6.6,7.99,0,83.8
Aerocool Rev Red Ventilador 120mm,7.6,6.28,7.6,0,94.8
AeroCool Cosmo 12CM FRGB Ventilador RGB 120mm,4.99,4.12,4.99,0,98.0
Thermaltake Riing 12 LED RGB Radiator Fan Sync Edition Pack 3 Ventiladores,36,29.75,36,0,90.3
Thermaltake Pure 12 LED DC Fan Rojo,2.99,2.47,2.99,0,86.0
Noctua NF-A4x20 PWM Ventilador Caja 40x20mm,26.55,21.94,26.55,0,100.0
Noctua NF-F12 PWM Industrial PPC 120mm 2000RPM,23.99,19.83,23.99,0,85.7
AeroCool Edge 14 Pro ARGB Pack 3 Ventiladores 140mm + H66F HUB + Control Remoto,31.99,26.44,39.98,20,90.0
Corsair LL120 RGB Ventilador 120mm,37.49,30.98,37.49,0,94.7
Cooler Master Masterfan MF120R ARGB Pack 3 + Control ,44.99,37.18,44.99,0,90.0
Corsair iCUE SP120 RGB PRO Triple Fan Kit 120mm + Lighting Node Core,55.99,46.27,55.99,0,95.0
Corsair LL140 RGB Multipack Ventiladores 140mm,74.99,61.98,74.99,0,98.3
Corsair ML120 PRO RGB Triple Pack + Lightning Node & Hub Ventiladores Levitación Magnética 120mm,89.99,74.37,89.99,0,97.5
Corsair LL120 RGB Pack 3 Ventiladores 120mm con Lightning Node Pro Blanco,99.99,82.64,99.99,0,94.3
Tacens Mars Gaming MF12 120 mm LED Verde,2.9,2.4,2.9,0,100.0
Thermaltake Riing 12 LED Azul,9.99,8.26,9.99,0,96.7
Thermaltake Riing 14 LED Rojo,7.99,6.6,7.99,0,92.7
Nox CoolFan 120mm LED Rojo,5.2,4.3,5.2,0,90.4
Nox CoolFan 120mm LED Verde,5.2,4.3,5.2,0,90.0
Corsair LL140 RGB Ventilador 140mm,29.99,24.79,29.99,0,95.3
Thermaltake Riing Duo 14 RGB Radiator Fan TT Premium Edition,49.99,41.31,49.99,0,100.0
"Ewent EW1259 Base Refrigeradora para Portátil hasta 17"" Reacondicionado",17,14.05,17,0,89.1
"Tacens Anima ANBC1 Netbook Cooler hasta 15.4""",6.5,5.37,6.5,0,78.9
"Klim Swift Base Refrigeradora para Portátil hasta 16""",29.9,24.71,29.9,0,0.0
Klim Cool+ Refrigerador para Ordenador Portátil,29.99,24.79,29.99,0,100.0
"Klim Ultimate RGB Base Refrigeradora para Portátil hasta 17""",39.99,33.05,39.99,0,0.0
"Klim Airflow Base Refrigeradora para Portátil hasta 17""",29.99,24.79,29.99,0,0.0
"Klim Comfort + Base Refrigeradora para Portátil hasta 15.6""",19.86,16.41,19.86,0,100.0
"Klim Wind Base Refrigeradora para Portátil hasta 16"" Negra/Blanca",29.99,24.79,29.99,0,0.0
"Klim Wind Base Refrigeradora para Portátil hasta 16"" Negra/Azul",29.99,24.79,29.99,0,0.0
"Klim Wind Base Refrigeradora para Portátil hasta 16"" Negra/Roja",29.99,24.79,29.99,0,0.0
"Klim Wind Base Refrigeradora para Portátil hasta 16"" Negra/Verde",29.99,24.79,29.99,0,0.0
Klim Cool Refrigerador para Ordenador Portátil Negro/Azul,23,19.01,23,0,0.0
Tacens Vinci II Base Refrigeración,16.75,13.84,16.75,0,77.0
"Tempest K35 Slim Laptop Cooling Pad Red Base de Refrigeración para Portátil hasta 17""",14.75,12.19,14.75,0,88.0
"Approx APPNBC06B Base Refrigeradora para Portátiles hasta 15.6""",8.99,7.43,8.99,0,82.9
Klim Cool Refrigerador para Ordenador Portátil Negro/Rojo,23,19.01,23,0,0.0
Klim Tornado V2 Refrigerador para Ordenador Portátil Negro,29.99,24.79,29.99,0,0.0
Klim Zephyr Ventilador para Portátil,9.99,8.26,9.99,0,0.0
Trust GXT 220 Base de Refrigeración,31.73,26.22,31.73,0,26.7
"Tempest K35 Slim Laptop Cooling Pad Blue Base de Refrigeración para Portátil hasta 17""",14.75,12.19,14.75,0,87.6
Cooler Master MasterLiquid Lite 240,54.99,45.45,54.99,0,86.8
Corsair iCUE H115i RGB PRO XT,154.9,128.02,154.9,0,100.0
Cooler Master MasterLiquid Lite 120,54.14,44.74,54.14,0,88.3
Thermaltake Floe DX RGB 240 TT Premium Edition Kit de Refrigeración Líquida,149.99,123.96,149.99,0,100.0
Thermaltake Floe Riing RGB 360 TT Premium Edition,189,156.2,189,0,92.6
NZXT Kraken X73 Kit de Refrigeración Líquida,220.82,182.5,220.82,0,93.3
NZXT Kraken G12 Negro,29.99,24.79,29.99,0,94.4
Corsair Hydro H75 Kit de Refrigeración Líquida,110.66,91.45,110.66,0,84.0
EKWB EK-CryoFuel Acid Green Premix 1000ml,7.99,6.6,7.99,0,88.6
EKWB EK-CryoFuel Clear Premix 1000ml,7.99,6.6,7.99,0,95.6
Nfortec Hydrus V2 240 Red Kit de Refrigeración Líquida ,59.96,49.55,59.96,0,89.7
Thermaltake Water 3.0 Riing 140 Rojo,76.99,63.63,76.99,0,100.0
Thermaltake Pacific C360 DDC Hard Tube Water Cooling Kit,289.99,239.66,289.99,0,66.7
EKWB EK-D-RGB 6-Way Cable Divisor,9.99,8.26,9.99,0,0.0
Corsair Hydro H60 Kit de Refrigeración Líquida,107.15,88.55,107.15,0,95.7
Thermaltake Water 3.0 Riing LED RGB 360,168.54,139.29,168.54,0,93.7
EKWB EK-PLUG G1/4 Tapón con Junta Tórica,1.99,1.64,1.99,0,98.3
EKWB CryoFuel Dye Pack de Líquido Refrigerante,14.99,12.39,14.99,0,0.0
Thermaltake Floe Riing RGB 240 TT Premium Edition,129,106.61,129,0,97.7
EKWB EK-AF Extender 6mm M-M G1/4 Negro,2.99,2.47,2.99,0,97.9
EK-CryoFuel Navy Blue Premix 1000ml,7.99,6.6,7.99,0,92.0
Thermaltake Water 3.0 Riing 280 RGB,119,98.35,119,0,91.4
Cooler Master LC240E RGB Kit Refrigeración Líquida,64.58,53.37,64.58,0,0.0
Corsair Cooling Hydro Series H80i v2,109.99,90.9,109.99,0,92.5
CoolBox H80 Pasta Térmica 4gr,6.4,5.29,6.4,0,0.0
CoolBox H80 Pasta Térmica 6gr,7.8,6.45,7.8,0,0.0
Arctic Silver 5 3.5gr,6.25,5.17,6.25,0,95.2
Alphacool Ice Frost Xtreme Liquid Metall Pasta Térmica 1g,6.83,5.64,6.83,0,90.0
Arctic Almohadilla Térmica 50x50mm,11.96,9.88,11.96,0,60.0
Arctic MX-4,6.99,5.78,6.99,0,95.9
Phanteks NDC Pasta Térmica 2 Unidades,14.02,11.59,14.02,0,86.3
Arctic MX-2,4.99,4.12,4.99,0,93.0
Cryorig CP5 Pasta Térmica 4g,18.69,15.45,18.69,0,0.0
Arctic MX-2 2019 Pasta Térmica 65Gr,34.54,28.55,34.54,0,0.0
CoolBox X80 Pasta Térmica 2gr,6.55,5.41,6.55,0,0.0
Cryorig CP15 Pasta Térmica 4g,12.42,10.26,12.42,0,0.0
Cooler Master Mastergel Pasta Térmica,3.5,2.89,3.5,0,92.0
Cooler Master Mastergel Pro Pasta Térmica,6.99,5.78,6.99,0,95.5
Be Quiet! DC1 Pasta Térmica,6,4.96,6,0,0.0
Cryorig CP7 Pasta Térmica 4g,10.99,9.08,10.99,0,0.0
Cryorig CR-CCO Cubierta Naranja para Cryorig R1,7.99,6.6,7.99,0,0.0
Cryorig CR-CCR Cubierta Roja para Cryorig R1,7.99,6.6,7.99,0,0.0
Noctua NA-SYC1 Cable 4 Pines PWM 2 Unidades Negro,13.91,11.5,13.91,0,0.0
Nfortec RGB Controller,13.95,11.53,13.95,0,82.0
Bluelounge CableDrop Multi Pack 2 Organizadores de Cables Colores Vivos,11.95,9.88,11.95,0,0.0
Bluelounge CableDrop Multi Pack 2 Organizadores de Cables Negros,11.95,9.88,11.95,0,0.0
Bluelounge Cabledrop Pack 6 Organizador de Cables Blanco,11.95,9.88,11.95,0,0.0
Bluelounge Cabledrop Pack 6 Organizador de Cables Colores Neutros,11.95,9.88,11.95,0,0.0
Bluelounge Cabledrop Pack 6 Organizador de Cables Colores Vivos,11.95,9.88,11.95,0,0.0
Bluelounge Cabledrop Pack 6 Organizador de Cables Negro,11.95,9.88,11.95,0,0.0
BHCustoms Cable Comb Abierto 16 Slots 4mm Transparente,1,0.83,1,0,0.0
AVerMedia ExtremeCap SDI Capturadora de Video 1080p 60fps,219,180.99,219,0,0.0
AVerMedia ExtremeCap UVC Capturadora de Video 1080p 60fps,229,189.26,229,0,0.0
AVerMedia Live Streamer 311 Kit Youtuber,229,189.26,229,0,0.0
AVerMedia Live Streamer 311S Kit Youtuber,189,156.2,189,0,0.0
Blackmagic Web Presenter,459,379.34,459,0,0.0
Elgato 4K60 S+ Capturadora de Vídeo 4K60 HDR10 con Grabación Independiente en Tarjeta SD,399.99,330.57,399.99,0,0.0
LevelOne NVR-1204 Capturadora de Vídeo en Red HDMI,714,590.08,714,0,0.0
LevelOne NVR-1204 Capturadora de Vídeo HDMI,649,536.36,649,0,0.0
Startech Tarjeta PCI Express Capturadora de Vídeo HDMI/VGA/DVI,260,214.88,260,0,0.0
Digitus Adaptador USB-C a Jack 3.5mm 20cm Negro,7.99,6.6,7.99,0,100.0
Adaptador Audio Jack 3.5 Macho a 2xRCA Hembra,0.99,0.82,0.99,0,93.4
Adaptador RJ9 Macho a Jack 3.5 mm,2.75,2.27,2.75,0,89.4
Unotec Adaptador DVI-I a VGA,2.95,2.44,2.95,0,81.2
Startech Adaptador Gráfico Conversor USB 3.0 a HDMI,60.8,50.25,60.8,0,86.2
Adaptador HDMI Hembra a HDMI Hembra,2.9,2.4,2.9,0,92.5
Ewent Convertidor VGA a HDMI con Audio,24.73,20.44,24.73,0,76.7
Startech Adaptador DVI-I a VGA Macho/Hembra Negro,6.75,5.58,6.75,0,84.8
Unotec Conversor de VGA a HDMI con Sonido,17.25,14.26,17.25,0,80.6
Splitter HDMI 4X Puertos,18.98,15.69,28.98,35,87.1
Belkin Hub USB-C a 2xUSB/USB-C/HDMI Gris,65,53.72,65,0,60.0
Unotec Adaptador de HDMI para iPhone/iPad,23,19.01,23,0,20.0
Nanocable Conversor USB-C a VGA USB-C/M-VGA/H Aluminio 10 cm,14.95,12.36,14.95,0,80.0
Ewent HDMI Splitter 1x2 4K,17.75,14.67,17.75,0,93.3
Digitus Adaptador DisplayPort a HDMI con Enclavamiento,8.75,7.23,8.75,0,85.0
Adaptador DVI a VGA (DVI-I-Macho/HD15-Hembra)s,5.25,4.34,5.25,0,92.7
Digitus Adaptador USB Type-C a VGA Negro,13.75,11.36,13.75,0,20.0
Adaptador HDMI Tipo A Hembra / DVI-D 24+1 Macho,4.25,3.51,4.25,0,88.4
Nanocable Conversor USB-C a VGA/DVI/HDMI USB-C/M-VGA/H-DVI/H-HDMI/H Negro 10 cm,27.8,22.98,27.8,0,85.0
Startech Adaptador USB-C/HDMI/VGA/Ethernet/USB-A,71,58.68,71,0,85.0
Digitus DA-70875 Dock Station USB-C 11x Puertos Gris,81,66.94,81,0,0.0
Unotec Adaptador USB-C A VGA/HDMI,25,20.66,25,0,86.7
Unotec Splitter HDMI 2X Calidad 4K ,24.99,20.65,24.99,0,100.0
StarTech Adaptador Vídeo USB a VGA Múltiples Monitores,43,35.54,43,0,87.8
Splitter HDMI 4X Puertos,18.98,15.69,28.98,35,87.1
Belkin Hub USB-C a 2xUSB/USB-C/HDMI Gris,65,53.72,65,0,60.0
Unotec Adaptador de HDMI para iPhone/iPad,23,19.01,23,0,20.0
Nanocable Conversor USB-C a VGA USB-C/M-VGA/H Aluminio 10 cm,14.95,12.36,14.95,0,80.0
Ewent HDMI Splitter 1x2 4K,17.75,14.67,17.75,0,93.3
Digitus Adaptador DisplayPort a HDMI con Enclavamiento,8.75,7.23,8.75,0,85.0
Adaptador DVI a VGA (DVI-I-Macho/HD15-Hembra)s,5.25,4.34,5.25,0,92.7
Digitus Adaptador USB Type-C a VGA Negro,13.75,11.36,13.75,0,20.0
Adaptador HDMI Tipo A Hembra / DVI-D 24+1 Macho,4.25,3.51,4.25,0,88.4
Nanocable Conversor USB-C a VGA/DVI/HDMI USB-C/M-VGA/H-DVI/H-HDMI/H Negro 10 cm,27.8,22.98,27.8,0,85.0
Startech Adaptador USB-C/HDMI/VGA/Ethernet/USB-A,71,58.68,71,0,85.0
Digitus DA-70875 Dock Station USB-C 11x Puertos Gris,81,66.94,81,0,0.0
Unotec Adaptador USB-C A VGA/HDMI,25,20.66,25,0,86.7
Unotec Splitter HDMI 2X Calidad 4K ,24.99,20.65,24.99,0,100.0
StarTech Adaptador Vídeo USB a VGA Múltiples Monitores,43,35.54,43,0,87.8
Startech Adaptador Mini DisplayPort a HDMI o VGA Blanco,25,20.66,25,0,93.8
Digitus Adaptador USB Type-C a HDMI 4K/30Hz Negro,12.9,10.66,12.9,0,0.0
Digitus Adaptador USB 3.0 Type-C a HDMI/USB 3.0/USB C,28.9,23.88,28.9,0,80.0
Equip Adaptador DVI-D Macho a HDMI Hembra,4.04,3.34,4.04,0,73.3
Startech Cable Adaptador USB-C a HDMI UltraHD 4K 1m,31,25.62,31,0,0.0
Unotec Splitter VGA de 2 Puertos,15.75,13.02,15.75,0,79.0
Digitus Dock Station USB-C Negra,73,60.33,73,0,0.0
Unotec Adaptador USB-C a VGA,14.95,12.36,14.95,0,86.7
Startech Adaptador DisplayPort a DVI 1.8m,15.98,13.21,20.99,24,70.0
Approx APPC07GHUB Adaptador Ethernet Hub USB 3.0,28,23.14,28,0,86.7
Startech CDP2HDUACPW Adaptador USB 3.0/USB-C/HDMI a USB-C 60W Blanco,47,38.84,47,0,0.0
Minix Neo-C-UEGR Adaptador USB-C a 3 Puertos USB 3.0/RJ-45,32.99,27.26,32.99,0,96.0
Digitus Dock Station USB-C Negra,73,60.33,73,0,0.0
Startech Adaptador Tarjeta de Red NIC Externa USB 3.0 a Puerto Gigabit Ethernet,32,26.45,32,0,91.4
Digitus Adaptador USB 3.0 Type-C Gigabit Ethernet,16.25,13.43,16.25,0,90.0
Minix Neo-C-UHGR Adaptador USB-C a 4 Puertos USB 3.0/HDMI,31.99,26.44,31.99,0,60.0
Digitus Adaptador USB 2.0 Type-C Negro,3.67,3.03,3.67,0,0.0
Digitus Hub USB-C 4x Puertos USB 3.0,23,19.01,23,0,80.0
Nanocable Conversor USB 3.0 a Ethernet Gigabit + 3xUSB 3.0 15cm,16.75,13.84,16.75,0,60.0
LevelOne USB-0301 Adaptador USB/RJ45,14.95,12.36,14.95,0,88.8
Unotec HUB USB 2.0 Negro 4 Puertos,8.75,7.23,8.75,0,75.7
Minix NEO-C-PLSI Hub Adaptador Multipuerto,69.99,57.84,69.99,0,0.0
Samsung Adaptador Micro USB a USB Tipo-C,12.53,10.36,12.53,0,81.7
Cable Adaptador USB Equip USB Tipo C Macho A HDMI Hembra,25,20.66,25,0,0.0
Startech Adaptador de Red USB-C 3.1 a Gigabit Ethernet,30.62,25.31,30.62,0,0.0
Approx Adaptador USB Sound Card + USB 3.0 HUB,16.38,13.54,16.38,0,0.0
Minix Neo-C-EGR Adaptador USB-C a Gigabit Ethernet,24.99,20.65,24.99,0,100.0
Unotec Adaptador USB Hembra a USB-C,4.25,3.51,4.25,0,83.5
Adaptador USB a Ethernet RJ45,10.75,8.88,10.75,0,83.5
SilverStone EP04 Adaptador USB 3.0/Ethernet + HUB 3xUSB 3.0,24.99,20.65,24.99,0,90.0
Digitus Estación Dock USB-C a HDMI/Mini DisplayPort/VGA/USB 3.0/Jack/RJ-45/Micro SD/SDHC/SDXC/MMC,112.07,92.62,112.07,0,75.0
Digitus Conversor USB 2.0 a Ethernet 10-100,12.67,10.47,12.67,0,91.5
StarTech Docking Station USB 3.0/USB 3.1/USB-C/USB-A/Thunderbolt 3,179,147.93,224,21,100.0
